video,frame,true_text
sample.mp4,2,TS07JS9670
sample.mp4,3,TS07JS9670
sample.mp4,4,TS07JS9670
sample.mp4,5,TS07JS9670
sample.mp4,6,TS07JS9670
sample.mp4,7,TS07JS9670
sample.mp4,8,TS07JS9670
sample.mp4,9,TS07JS9670
sample.mp4,10,TS07JS9670
sample.mp4,11,TS07JS9670
sample.mp4,12,TS07JS9670
sample.mp4,13,TS07JS9670
sample.mp4,14,TS07JS9670
sample.mp4,15,TS07JS9670
sample.mp4,16,TS07JS9670
sample.mp4,17,TS07JS9670
sample.mp4,18,TS07JS9670
sample.mp4,19,TS07JS9670
sample.mp4,20,TS07JS9670
sample.mp4,21,TS07JS9670
sample.mp4,22,TS07JS9670
sample.mp4,23,TS07JS9670
sample.mp4,24,TS07JS9670
sample.mp4,25,TS07JS9670
sample.mp4,26,TS07JS9670
sample.mp4,27,TS07JS9670
sample.mp4,28,TS07JS9670
sample.mp4,29,TS07JS9670
sample.mp4,30,TS07JS9670
sample.mp4,31,TS07JS9670
